{
  "ensemble": {
    "accuracy": 0.9020746887966805,
    "precision": 0.851581508515815,
    "recall": 0.85995085995086,
    "f1_score": 0.8557457212713936,
    "auc": 0.962390620285357,
    "prediction_time": 0.11102962493896484,
    "y_pred": "[0 0 0 ... 1 1 0]",
    "y_pred_proba": "[0.35778404 0.05500644 0.46573389 ... 0.73408829 0.61589964 0.35195672]"
  },
  "random_forest": {
    "accuracy": 0.7966804979253111,
    "precision": 0.6416083916083916,
    "recall": 0.9017199017199017,
    "f1_score": 0.7497446373850868,
    "auc": 0.9152057046793891,
    "prediction_time": 0.07970404624938965,
    "y_pred": "[0 0 1 ... 1 1 0]",
    "y_pred_proba": "[0.44847081 0.12963235 0.58051686 ... 0.5838559  0.60935618 0.33821435]"
  },
  "gradient_boosting": {
    "accuracy": 0.8721991701244813,
    "precision": 0.8543417366946778,
    "recall": 0.7493857493857494,
    "f1_score": 0.7984293193717278,
    "auc": 0.9408148750254014,
    "prediction_time": 0.015086889266967773,
    "y_pred": "[0 0 0 ... 1 1 0]",
    "y_pred_proba": "[0.12395748 0.0299395  0.46950849 ... 0.86907687 0.57358277 0.07670436]"
  },
  "logistic_regression": {
    "accuracy": 0.8846473029045643,
    "precision": 0.7913043478260869,
    "recall": 0.8943488943488943,
    "f1_score": 0.839677047289504,
    "auc": 0.9564697985750619,
    "prediction_time": 0.0007314682006835938,
    "y_pred": "[1 0 0 ... 1 1 1]",
    "y_pred_proba": "[0.50092382 0.00544745 0.34717634 ... 0.74933211 0.66475997 0.64095145]"
  }
}